{
    "inputUnits": [
        34
    ],
    "outputUnits": 6,
    "inputs": {
        "0": {
            "dtype": "number",
            "min": 287.58543196709763,
            "max": 646.7232503017254
        },
        "1": {
            "dtype": "number",
            "min": -29.307594819840403,
            "max": 323.2358894571226
        },
        "2": {
            "dtype": "number",
            "min": 292.54009343494914,
            "max": 647.2346023648803
        },
        "3": {
            "dtype": "number",
            "min": -34.06563623142057,
            "max": 313.2813422071074
        },
        "4": {
            "dtype": "number",
            "min": 283.2156699256822,
            "max": 640.7086391337433
        },
        "5": {
            "dtype": "number",
            "min": -34.665730794270836,
            "max": 312.716423168517
        },
        "6": {
            "dtype": "number",
            "min": 303.4661639178241,
            "max": 647.5983659472846
        },
        "7": {
            "dtype": "number",
            "min": -29.495281494616535,
            "max": 317.8726068388881
        },
        "8": {
            "dtype": "number",
            "min": 277.86575049684757,
            "max": 623.0520507931476
        },
        "9": {
            "dtype": "number",
            "min": -30.337199607090646,
            "max": 316.20506836889314
        },
        "10": {
            "dtype": "number",
            "min": 295.0683177330805,
            "max": 648.7920345432809
        },
        "11": {
            "dtype": "number",
            "min": 7.955164026331019,
            "max": 377.5064323380676
        },
        "12": {
            "dtype": "number",
            "min": 268.8691922609801,
            "max": 601.7379963002938
        },
        "13": {
            "dtype": "number",
            "min": 6.530094853153926,
            "max": 368.4799503675911
        },
        "14": {
            "dtype": "number",
            "min": 276.57798871194643,
            "max": 664.1478492781432
        },
        "15": {
            "dtype": "number",
            "min": 27.56558126408686,
            "max": 455.3738668043943
        },
        "16": {
            "dtype": "number",
            "min": 214.97293840374863,
            "max": 602.8185820997807
        },
        "17": {
            "dtype": "number",
            "min": 27.43724086828398,
            "max": 444.15703191627074
        },
        "18": {
            "dtype": "number",
            "min": 273.41304072627315,
            "max": 640.1861105281242
        },
        "19": {
            "dtype": "number",
            "min": 9.199167589927498,
            "max": 500.1612388506735
        },
        "20": {
            "dtype": "number",
            "min": 181.13434090716564,
            "max": 645.976012826663
        },
        "21": {
            "dtype": "number",
            "min": -3.9314481203551424,
            "max": 518.4422858091358
        },
        "22": {
            "dtype": "number",
            "min": 307.0673000045687,
            "max": 654.4938388995491
        },
        "23": {
            "dtype": "number",
            "min": 71.31474009731357,
            "max": 495.4912937454312
        },
        "24": {
            "dtype": "number",
            "min": 297.86557857520864,
            "max": 630.1288519965277
        },
        "25": {
            "dtype": "number",
            "min": 69.27920692845393,
            "max": 495.4378338492172
        },
        "26": {
            "dtype": "number",
            "min": 319.5787252273708,
            "max": 651.5124773467958
        },
        "27": {
            "dtype": "number",
            "min": 171.69000755741348,
            "max": 549.4125919453581
        },
        "28": {
            "dtype": "number",
            "min": 268.6970981055068,
            "max": 651.6313114872685
        },
        "29": {
            "dtype": "number",
            "min": 104.91021288301047,
            "max": 539.3583430091307
        },
        "30": {
            "dtype": "number",
            "min": 317.75232385706016,
            "max": 651.9827335945114
        },
        "31": {
            "dtype": "number",
            "min": 222.1803649545413,
            "max": 558.8425325836122
        },
        "32": {
            "dtype": "number",
            "min": 282.27669074521424,
            "max": 651.2504295066551
        },
        "33": {
            "dtype": "number",
            "min": 200.33590350234715,
            "max": 559.4137478060657
        }
    },
    "outputs": {
        "0": {
            "dtype": "string",
            "min": 0,
            "max": 1,
            "uniqueValues": [
                "a",
                "b",
                "c",
                "d",
                "e",
                "f"
            ],
            "legend": {
                "a": [
                    1,
                    0,
                    0,
                    0,
                    0,
                    0
                ],
                "b": [
                    0,
                    1,
                    0,
                    0,
                    0,
                    0
                ],
                "c": [
                    0,
                    0,
                    1,
                    0,
                    0,
                    0
                ],
                "d": [
                    0,
                    0,
                    0,
                    1,
                    0,
                    0
                ],
                "e": [
                    0,
                    0,
                    0,
                    0,
                    1,
                    0
                ],
                "f": [
                    0,
                    0,
                    0,
                    0,
                    0,
                    1
                ]
            }
        }
    },
    "isNormalized": true
}