{"inputUnits":[34],"outputUnits":2,"inputs":{"0":{"dtype":"number","min":-3.057491309926291,"max":451.66518540410266},"1":{"dtype":"number","min":-56.225264104950966,"max":297.3724571956761},"2":{"dtype":"number","min":2.258259436772813,"max":462.75438810649666},"3":{"dtype":"number","min":-80.56996083399008,"max":290.85130122669955},"4":{"dtype":"number","min":-7.5194313093932745,"max":450.2178574352004},"5":{"dtype":"number","min":-78.12251680310939,"max":291.51636372765137},"6":{"dtype":"number","min":11.400148863913255,"max":472.39487199987815},"7":{"dtype":"number","min":-79.5243079202217,"max":291.36158487717773},"8":{"dtype":"number","min":-8.018921969229714,"max":440.83027012399293},"9":{"dtype":"number","min":-58.882816753424635,"max":291.3453248973943},"10":{"dtype":"number","min":23.467762967531677,"max":486.92268475686825},"11":{"dtype":"number","min":29.615801537943156,"max":325.25587055882977},"12":{"dtype":"number","min":-4.09603988915159,"max":465.3040984453049},"13":{"dtype":"number","min":-33.03592139052601,"max":327.51383582518577},"14":{"dtype":"number","min":36.08466968201754,"max":497.4424525032266},"15":{"dtype":"number","min":42.64337996990359,"max":383.7127504107083},"16":{"dtype":"number","min":-13.53466368558114,"max":449.32870905766475},"17":{"dtype":"number","min":36.53841431377923,"max":393.01092850534536},"18":{"dtype":"number","min":15.904811093216983,"max":511.88412136501734},"19":{"dtype":"number","min":3.9360061258832815,"max":416.2163012766698},"20":{"dtype":"number","min":-9.495318972344053,"max":453.36890267117445},"21":{"dtype":"number","min":1.420821102506693,"max":418.002501370614},"22":{"dtype":"number","min":20.07049830103943,"max":474.6452620061982},"23":{"dtype":"number","min":91.55404966477064,"max":427.36002306724384},"24":{"dtype":"number","min":-7.7192774246543,"max":450.67102086474324},"25":{"dtype":"number","min":95.82320839805678,"max":440.36314267164084},"26":{"dtype":"number","min":3.1111567387571575,"max":531.1068077161763},"27":{"dtype":"number","min":136.04164168151496,"max":480.7424328898826},"28":{"dtype":"number","min":-10.396043208607455,"max":469.0999682093689},"29":{"dtype":"number","min":136.34179901658442,"max":464.04733044362206},"30":{"dtype":"number","min":15.890982109203673,"max":613.3259912680464},"31":{"dtype":"number","min":168.00205282765288,"max":558.2740137126245},"32":{"dtype":"number","min":-6.862484818545931,"max":525.4214852316337},"33":{"dtype":"number","min":172.94874343723347,"max":538.2084978486595}},"outputs":{"0":{"dtype":"string","min":0,"max":1,"uniqueValues":["g","h"],"legend":{"g":[1,0],"h":[0,1]}}},"isNormalized":true}