{"inputUnits":[34],"outputUnits":2,"inputs":{"0":{"dtype":"number","min":260.3068792331985,"max":362.50049851326446},"1":{"dtype":"number","min":79.85741847672193,"max":237.83480073508696},"2":{"dtype":"number","min":269.0131995366563,"max":367.9520569442541},"3":{"dtype":"number","min":65.91224120141933,"max":229.34842829118696},"4":{"dtype":"number","min":249.67379088522628,"max":351.630533378259},"5":{"dtype":"number","min":65.9966779266417,"max":228.96753798218964},"6":{"dtype":"number","min":280.4348844115497,"max":380.5989904570998},"7":{"dtype":"number","min":80.03772088658738,"max":235.3170746622959},"8":{"dtype":"number","min":237.7388950816372,"max":338.2418162920321},"9":{"dtype":"number","min":86.52933161625853,"max":236.34094297769707},"10":{"dtype":"number","min":306.01710328814113,"max":407.81150178370183},"11":{"dtype":"number","min":154.92272657725312,"max":298.5803580330594},"12":{"dtype":"number","min":212.8670776843095,"max":328.54070949740344},"13":{"dtype":"number","min":154.68871088752968,"max":297.2200508935642},"14":{"dtype":"number","min":325.5603538944475,"max":445.18313223855534},"15":{"dtype":"number","min":116.05841147736962,"max":371.327799003259},"16":{"dtype":"number","min":175.54007308989705,"max":321.4685956869441},"17":{"dtype":"number","min":113.18534033107943,"max":377.2096102233054},"18":{"dtype":"number","min":279.378783465826,"max":482.9669888442487},"19":{"dtype":"number","min":31.807425872624265,"max":497.5145806206597},"20":{"dtype":"number","min":124.78794506883527,"max":351.6697338914778},"21":{"dtype":"number","min":29.321115356207358,"max":494.4919388382523},"22":{"dtype":"number","min":283.67642021551,"max":405.1639275801809},"23":{"dtype":"number","min":300.6378828201145,"max":459.52770158793726},"24":{"dtype":"number","min":213.80655924479166,"max":335.40650782296996},"25":{"dtype":"number","min":307.30619850679216,"max":463.25428655970165},"26":{"dtype":"number","min":275.6741092079564,"max":432.45969895033807},"27":{"dtype":"number","min":366.89332720364274,"max":560.8619391011913},"28":{"dtype":"number","min":179.79953767728153,"max":327.6873672217653},"29":{"dtype":"number","min":407.8842995924327,"max":570.0234884221186},"30":{"dtype":"number","min":273.96636784425255,"max":397.84801103915385},"31":{"dtype":"number","min":410.203452305487,"max":562.9627966927274},"32":{"dtype":"number","min":180.85293589512042,"max":343.79117017600964},"33":{"dtype":"number","min":490.79353139182047,"max":563.9563018025477}},"outputs":{"0":{"dtype":"string","min":0,"max":1,"uniqueValues":["a","b"],"legend":{"a":[1,0],"b":[0,1]}}},"isNormalized":true}