{"inputUnits":[34],"outputUnits":3,"inputs":{"0":{"dtype":"number","min":255.67125584414595,"max":566.9808959960938},"1":{"dtype":"number","min":109.98231051260964,"max":242.52214457788892},"2":{"dtype":"number","min":259.7178480360243,"max":570.2096402947201},"3":{"dtype":"number","min":108.84835940355444,"max":233.93953498111597},"4":{"dtype":"number","min":245.98644948145102,"max":556.2404446666933},"5":{"dtype":"number","min":108.68653890449866,"max":235.0446918926276},"6":{"dtype":"number","min":262.4442060741997,"max":575.5707471226623},"7":{"dtype":"number","min":114.04185691075017,"max":239.51111841852435},"8":{"dtype":"number","min":227.00738263641415,"max":536.678203114292},"9":{"dtype":"number","min":117.28175678215993,"max":238.15938834326073},"10":{"dtype":"number","min":240.3355162324961,"max":552.9658368502909},"11":{"dtype":"number","min":141.5930452402572,"max":277.25088450411374},"12":{"dtype":"number","min":228.43738102308723,"max":551.4614100762975},"13":{"dtype":"number","min":147.58204409950656,"max":277.66153971354163},"14":{"dtype":"number","min":240.92147143031187,"max":548.7384187873112},"15":{"dtype":"number","min":90.54397196332846,"max":349.45664433707964},"16":{"dtype":"number","min":220.85961057428727,"max":546.4198234810931},"17":{"dtype":"number","min":93.34707040768151,"max":353.8785301639787},"18":{"dtype":"number","min":254.93109809027777,"max":550.1349049469649},"19":{"dtype":"number","min":11.043187191611835,"max":426.86824746531585},"20":{"dtype":"number","min":148.676040381716,"max":542.985460009956},"21":{"dtype":"number","min":20.022924471552145,"max":405.8185867398803},"22":{"dtype":"number","min":248.16427606355842,"max":541.4720721923352},"23":{"dtype":"number","min":230.9269877948724,"max":385.77328330592104},"24":{"dtype":"number","min":239.85439880549558,"max":530.1141137314586},"25":{"dtype":"number","min":266.34041947928085,"max":393.4525618822718},"26":{"dtype":"number","min":277.61266667475707,"max":547.6264355754295},"27":{"dtype":"number","min":251.59393132081505,"max":464.54007392273536},"28":{"dtype":"number","min":236.47521585981283,"max":525.0274592765822},"29":{"dtype":"number","min":280.53472388789896,"max":463.1268271879378},"30":{"dtype":"number","min":278.7139595135843,"max":538.9802248807911},"31":{"dtype":"number","min":286.42122443424097,"max":542.502641882348},"32":{"dtype":"number","min":218.99340360020568,"max":541.0241612960488},"33":{"dtype":"number","min":329.29383038080226,"max":527.6690084892407}},"outputs":{"0":{"dtype":"string","min":0,"max":1,"uniqueValues":["g","h","i"],"legend":{"g":[1,0,0],"h":[0,1,0],"i":[0,0,1]}}},"isNormalized":true}