{"inputUnits":[34],"outputUnits":4,"inputs":{"0":{"dtype":"number","min":277.69776163974933,"max":380.70237232230556},"1":{"dtype":"number","min":167.6516610604745,"max":269.8658850597359},"2":{"dtype":"number","min":287.41449545698555,"max":390.3090877421418},"3":{"dtype":"number","min":158.44398855465894,"max":255.8253196433738},"4":{"dtype":"number","min":269.27253172876306,"max":374.66017784430966},"5":{"dtype":"number","min":155.4087511326602,"max":269.663980643884},"6":{"dtype":"number","min":292.9762711255406,"max":398.7742149992528},"7":{"dtype":"number","min":171.22198391146594,"max":237.46851276003594},"8":{"dtype":"number","min":253.50359940854196,"max":357.65113547996236},"9":{"dtype":"number","min":167.52675136395132,"max":270.1153921383863},"10":{"dtype":"number","min":303.4239190828498,"max":423.5700941178766},"11":{"dtype":"number","min":218.84101956908466,"max":270.4834043863456},"12":{"dtype":"number","min":236.36984871609633,"max":375.7659686053241},"13":{"dtype":"number","min":211.56745955260874,"max":305.49773575037307},"14":{"dtype":"number","min":316.23038576360335,"max":443.76197353905866},"15":{"dtype":"number","min":175.577625772874,"max":340.5409404315911},"16":{"dtype":"number","min":199.23587077774732,"max":370.96638105068985},"17":{"dtype":"number","min":161.74115930151984,"max":379.3007726836623},"18":{"dtype":"number","min":303.5256547537463,"max":458.40559232537043},"19":{"dtype":"number","min":79.15132578353436,"max":389.4231368691368},"20":{"dtype":"number","min":194.4643891392163,"max":339.6790597778082},"21":{"dtype":"number","min":57.616021526254855,"max":400.8314859193203},"22":{"dtype":"number","min":287.21948099415204,"max":472.5940554137351},"23":{"dtype":"number","min":374.85266731961195,"max":426.51397705078125},"24":{"dtype":"number","min":223.34623637952302,"max":442.86809791133646},"25":{"dtype":"number","min":375.074887043319,"max":423.3558940329747},"26":{"dtype":"number","min":289.4067924157453,"max":440.00059800770777},"27":{"dtype":"number","min":472.0052190412555,"max":549.8439891435946},"28":{"dtype":"number","min":215.0771476046616,"max":429.31934973882187},"29":{"dtype":"number","min":472.4603289330912,"max":550.322661223235},"30":{"dtype":"number","min":272.81302587795443,"max":456.45950287638584},"31":{"dtype":"number","min":520.9929314923797,"max":559.3353360345257},"32":{"dtype":"number","min":215.69479364168342,"max":439.0239283355356},"33":{"dtype":"number","min":521.877809639795,"max":560.4420236212003}},"outputs":{"0":{"dtype":"string","min":0,"max":1,"uniqueValues":["y","m","c","a"],"legend":{"y":[1,0,0,0],"m":[0,1,0,0],"c":[0,0,1,0],"a":[0,0,0,1]}}},"isNormalized":true}