{"inputUnits":[34],"outputUnits":10,"inputs":{"0":{"dtype":"number","min":32.83410144828216,"max":646.7232503017254},"1":{"dtype":"number","min":-89.05883967527869,"max":442.0066646107456},"2":{"dtype":"number","min":43.91915066665143,"max":647.2346023648803},"3":{"dtype":"number","min":-81.32127802739134,"max":424.3474627935398},"4":{"dtype":"number","min":8.439960442556043,"max":640.7086391337433},"5":{"dtype":"number","min":-78.79211700915361,"max":418.196013378121},"6":{"dtype":"number","min":38.47212778429771,"max":647.5983659472846},"7":{"dtype":"number","min":-81.17436072515001,"max":442.02990883275083},"8":{"dtype":"number","min":-13.260258903280336,"max":623.0520507931476},"9":{"dtype":"number","min":-80.91836970219603,"max":413.93757245693985},"10":{"dtype":"number","min":6.833275986461379,"max":648.7920345432809},"11":{"dtype":"number","min":-107.34888504355507,"max":539.7082806563052},"12":{"dtype":"number","min":-21.098720855415447,"max":601.7379963002938},"13":{"dtype":"number","min":-100.63314277990985,"max":527.7640805606953},"14":{"dtype":"number","min":37.234843293128655,"max":673.8820572345577},"15":{"dtype":"number","min":-28.85857476128473,"max":552.8954905608476},"16":{"dtype":"number","min":-8.36490861621284,"max":602.8185820997807},"17":{"dtype":"number","min":-30.750698513454864,"max":565.0597418772081},"18":{"dtype":"number","min":26.148569802326996,"max":648.8355265537433},"19":{"dtype":"number","min":-2.438636467470758,"max":537.7810813204819},"20":{"dtype":"number","min":-12.99949720356664,"max":645.976012826663},"21":{"dtype":"number","min":-6.652112815812316,"max":558.855055823893},"22":{"dtype":"number","min":4.161558095474689,"max":654.4938388995491},"23":{"dtype":"number","min":5.019150523879134,"max":555.4263442487512},"24":{"dtype":"number","min":-1.4146863554420992,"max":630.1288519965277},"25":{"dtype":"number","min":16.840187355324062,"max":554.0352878979539},"26":{"dtype":"number","min":18.026694433498566,"max":651.5124773467958},"27":{"dtype":"number","min":104.47391502573709,"max":568.6451515956231},"28":{"dtype":"number","min":2.565657111868756,"max":651.6313114872685},"29":{"dtype":"number","min":104.91021288301047,"max":562.6305161860951},"30":{"dtype":"number","min":11.792139718871832,"max":651.9827335945114},"31":{"dtype":"number","min":195.05920142458194,"max":561.0330806977568},"32":{"dtype":"number","min":13.456526193005299,"max":651.2504295066551},"33":{"dtype":"number","min":200.33590350234715,"max":560.8946290490222}},"outputs":{"0":{"dtype":"string","min":0,"max":1,"uniqueValues":["a","b","c","d","e","f","I","g","h","Alt"],"legend":{"a":[1,0,0,0,0,0,0,0,0,0],"b":[0,1,0,0,0,0,0,0,0,0],"c":[0,0,1,0,0,0,0,0,0,0],"d":[0,0,0,1,0,0,0,0,0,0],"e":[0,0,0,0,1,0,0,0,0,0],"f":[0,0,0,0,0,1,0,0,0,0],"I":[0,0,0,0,0,0,1,0,0,0],"g":[0,0,0,0,0,0,0,1,0,0],"h":[0,0,0,0,0,0,0,0,1,0],"Alt":[0,0,0,0,0,0,0,0,0,1]}}},"isNormalized":true}