{
    "inputUnits": [
        34
    ],
    "outputUnits": 3,
    "inputs": {
        "0": {
            "dtype": "number",
            "min": 308.8988567746406,
            "max": 405.58727242096126
        },
        "1": {
            "dtype": "number",
            "min": 64.11397357665538,
            "max": 230.40751496253654
        },
        "2": {
            "dtype": "number",
            "min": 317.2221615439967,
            "max": 423.38570964731434
        },
        "3": {
            "dtype": "number",
            "min": 54.81465746784767,
            "max": 221.74367254008092
        },
        "4": {
            "dtype": "number",
            "min": 302.02057122719447,
            "max": 394.02091578433385
        },
        "5": {
            "dtype": "number",
            "min": 53.217687179238226,
            "max": 222.29614763464377
        },
        "6": {
            "dtype": "number",
            "min": 323.0253910414192,
            "max": 434.22427826225174
        },
        "7": {
            "dtype": "number",
            "min": 64.05613086841723,
            "max": 227.32197306077148
        },
        "8": {
            "dtype": "number",
            "min": 287.1139996325993,
            "max": 372.7143630832724
        },
        "9": {
            "dtype": "number",
            "min": 64.49165180645025,
            "max": 226.89787569101787
        },
        "10": {
            "dtype": "number",
            "min": 334.5544040969938,
            "max": 429.3546263934576
        },
        "11": {
            "dtype": "number",
            "min": 120.10104419195162,
            "max": 268.9230893973486
        },
        "12": {
            "dtype": "number",
            "min": 270.7617943003396,
            "max": 354.5297505934568
        },
        "13": {
            "dtype": "number",
            "min": 114.50591565107973,
            "max": 268.82367526346246
        },
        "14": {
            "dtype": "number",
            "min": 349.6153845238639,
            "max": 486.7470385456643
        },
        "15": {
            "dtype": "number",
            "min": 135.37248102080287,
            "max": 354.45327134160266
        },
        "16": {
            "dtype": "number",
            "min": 224.88044842874328,
            "max": 344.04879951105244
        },
        "17": {
            "dtype": "number",
            "min": 125.1722702413042,
            "max": 344.6927207069322
        },
        "18": {
            "dtype": "number",
            "min": 324.9447031002528,
            "max": 575.5694663361963
        },
        "19": {
            "dtype": "number",
            "min": 52.56609583923458,
            "max": 469.9199808875487
        },
        "20": {
            "dtype": "number",
            "min": 151.05346203779848,
            "max": 349.4339375932779
        },
        "21": {
            "dtype": "number",
            "min": 57.34561793753045,
            "max": 454.08746611537526
        },
        "22": {
            "dtype": "number",
            "min": 332.12488661500214,
            "max": 404.1628031888668
        },
        "23": {
            "dtype": "number",
            "min": 260.3596550121642,
            "max": 447.15098122639495
        },
        "24": {
            "dtype": "number",
            "min": 277.0604921456201,
            "max": 361.71890154684263
        },
        "25": {
            "dtype": "number",
            "min": 252.59079842074806,
            "max": 425.26689971864334
        },
        "26": {
            "dtype": "number",
            "min": 336.05129249379416,
            "max": 425.7848663032636
        },
        "27": {
            "dtype": "number",
            "min": 301.0960797166731,
            "max": 552.939844559043
        },
        "28": {
            "dtype": "number",
            "min": 234.08626682809452,
            "max": 394.42683586135473
        },
        "29": {
            "dtype": "number",
            "min": 262.634724696942,
            "max": 537.0358881662231
        },
        "30": {
            "dtype": "number",
            "min": 296.7190331650524,
            "max": 503.29378302799097
        },
        "31": {
            "dtype": "number",
            "min": 357.34411481295876,
            "max": 562.0645031547917
        },
        "32": {
            "dtype": "number",
            "min": 233.7646067955805,
            "max": 469.7291728534661
        },
        "33": {
            "dtype": "number",
            "min": 293.8099013062713,
            "max": 562.6017532199911
        }
    },
    "outputs": {
        "0": {
            "dtype": "string",
            "min": 0,
            "max": 1,
            "uniqueValues": [
                "g",
                "h",
                "i"
            ],
            "legend": {
                "g": [
                    1,
                    0,
                    0
                ],
                "h": [
                    0,
                    1,
                    0
                ],
                "i": [
                    0,
                    0,
                    1
                ]
            }
        }
    },
    "isNormalized": true
}